Signal_1_of_ID,Signal_2_of_ID,Signal_3_of_ID,Signal_4_of_ID,Signal_5_of_ID,Signal_6_of_ID,Signal_7_of_ID,Signal_8_of_ID,Signal_9_of_ID,Signal_10_of_ID,Signal_11_of_ID,Signal_12_of_ID,Signal_13_of_ID,Signal_14_of_ID,Signal_15_of_ID,Signal_16_of_ID,Signal_17_of_ID,Signal_18_of_ID,Signal_19_of_ID,Signal_20_of_ID,Signal_21_of_ID,Signal_22_of_ID
1586235.7097753126,5286.760575242824,15824126.144023914,1792758.8473468774,1823696.6642778378,3515528.828272734,32152.826422223632,5657457.038615178,1340182.3416988405,335800.4920634913,1852319.7714285704,1269806.0424575408,3721691.845070421,1210259.9000000001,10860343.39999998,15660485.254593149,10426106.833333332,26524334.999999996,26108526.638888888,26499706.499999996,270280.0,795854.9999999998
21844.84964684596,1367.5577995030262,94.37757138836983,43683.685124207936,7075.879331473686,44360.814105608275,1953.4245304894594,251086.47359166126,30019.33580659555,8419.546842847902,56300.21208971917,229947.7264625084,14044.720243556849,234799.23840011092,1209492.3367563481,152209.64817818446,2134266.6180494903,251975.4972620632,457239.41807191155,262306.29976965697,144693.93793150462,289902.9999607503
20388.732978590313,2707.9833599386297,93.58028707290077,45873.522635025976,12622.190652323678,63880.529719858474,728.2884942824862,49878.53737534687,21467.213143220906,24960.508901768313,61147.75711082208,74453.95938647095,6113.7883969277045,72858.98517514058,1629846.2074884828,219405.2066127885,1452212.3050237345,283411.67869807745,495396.82681238785,297232.81028332026,33785.35440009549,507931.2357364985
18861.878599606967,2721.789431712851,64.87957134279634,41866.21756220851,11683.87692654537,63343.71755733108,1179.0328876515682,191831.5638432648,19848.354299616487,12242.874753415419,22094.49494359305,126089.06368400913,7740.800302984028,62435.94134112288,1737440.6782190222,276851.2388846911,1451640.009884076,375470.9802053612,526709.0133915289,388806.5293007951,90861.65722825423,550737.533115524
23952.940521132492,1281.7676596961883,67.80164750856905,37118.363313068934,6947.244021323525,54313.27996910316,1721.172611137865,152870.40850236703,15706.019464215704,34438.1023297972,1067.4438298063442,80789.9593905775,6567.514480696018,162310.37366359233,687350.870061808,317052.761169438,1330453.438100928,137494.13475003347,386424.31251055,134214.11814345382,176709.27424063516,324085.04207698524
13593.518132307649,2073.1836841371064,71.97037757266656,35019.67732769061,9693.69499040178,45796.84902396714,612.5965818139166,354189.3895940027,45095.73839145581,875.9586360082833,49443.8175392172,169670.39475896762,10445.156578576014,103388.20082634343,918555.2670685914,170634.3080887104,2031541.5921525895,144265.54544389175,333988.9450981793,155042.23754982027,92865.836800102,369748.3166045819
10771.189246123862,1043.9996476359609,29.760079957015527,24990.975785758495,10542.69303642852,52845.07759087624,1570.9013820110574,85538.98693010809,30543.284410657558,19758.092003531325,14521.834733569003,79933.58863807806,2555.681420663464,132495.22506042174,684775.0154375347,409016.8480931844,323370.70411758404,176691.87217988464,448810.05639636144,170942.46838897542,23273.927945375923,434876.28281433904
16873.910677337914,1530.4747890234494,46.758754236182575,28414.86493099882,4060.147883767719,24831.611237506986,1288.7836777065513,124733.02864343095,27023.225594994445,5308.334376133859,17541.847037144835,89478.21981557622,5278.383743664328,99276.57390736922,227790.57335597475,127008.90866644515,986130.3425846545,240575.83401817144,451003.43307870545,243622.14858981324,20174.744004963308,493488.75984263985
13864.553883979677,743.2319324773475,57.81094159586377,26630.92473613512,4662.56496228862,39295.111336021146,782.3996433503329,18114.210379675766,6751.022297270053,10506.85741817007,35965.92334592785,36524.017974898234,886.2272469589078,113586.25337164248,884858.6209453504,256623.8539786969,664666.1507547965,105547.5018729333,287087.1461198195,115766.89821541207,79154.00295930383,238904.00433479997
19384.17402903347,1797.1311959381542,53.85215799260543,26839.116482871985,2615.5577761372647,52030.243818381285,700.2844304085877,182684.17457484317,32440.771806139135,12313.997083593527,19241.162061715913,50137.2135892357,7305.71545255803,54622.0017349139,625037.5336212679,280226.31959169364,403756.7281825465,226788.08989867446,533298.0892112122,227226.97381718672,124513.75350714877,471452.0262389937
8975.404345718205,1499.7931338388314,109.1406216404433,7753.592849600408,2157.2975788974204,34398.45176348713,1606.7391868959692,156226.36111072786,26300.872710449752,11549.965327016189,58522.95017316777,13332.26233153626,9821.984823632914,89338.94496564915,1123563.1598952503,331860.76687590074,392257.6485291852,332472.6086592996,462013.7946604181,342865.95105521515,32257.071734559406,466938.6295189534
6031.969687177273,2437.2835485540377,36.79869235539201,6913.655171065291,1433.668315460396,24554.540421101177,816.6244996805568,136652.68082916713,19488.690559467163,4443.841936644113,52375.45374986838,45608.52513992811,6473.935341997384,81713.3691932624,546084.4459255683,298851.19023187365,770220.3806925276,155478.8976292635,330440.3214105473,162684.30047535407,34832.09715107921,292457.173890853
16029.962257742905,957.980861029381,123.7721538191617,15401.43722129133,2799.8401719515173,22661.74512001979,827.8775544584619,397547.43408840796,26388.550582506316,14855.9661354222,22547.2383672576,6255.271285541302,6330.6130446444095,145253.95805911897,343975.58401875105,378702.62013581936,631312.0092504033,186422.64589997448,330852.22854897525,189939.73490297887,73088.16987628103,381522.27668330487
11806.127367175925,2901.3115719627353,30.506737580714436,26152.23747893395,7420.787788147748,89660.92190677168,1658.8608172038169,130487.33255171595,13494.978170346785,11563.321500104275,15866.050308667562,49142.63400348249,3116.9278084081525,114376.27345697924,293108.7703584738,117013.88703281432,226620.0278647422,411963.9210012526,591327.0004646111,422545.8044898599,126321.10987665015,612828.5296794631
2721.8869015831087,1006.320242457296,37.949049110161894,6589.939106359466,3583.1518487805024,40316.0361967756,977.9392592607844,27748.675024633045,17624.469125450723,10604.05723736356,23663.67717914611,26400.480116207225,6637.449028662315,63572.84042871284,138040.0206600835,59552.27859944937,245846.04425445007,132503.35165507754,266472.9043224929,132342.1114311894,6653.451344058566,154333.20435005563
12034.501707542046,2742.8102617894383,22.133388215547086,24363.66177044749,4029.574374543029,52630.56495344293,1669.7869569013037,63703.396842774884,42284.20691460379,10354.311502190047,14346.770124807752,25119.3442347921,6924.321381578818,159746.39734141345,122513.29225420726,84715.51145129993,253762.79181936808,257716.80000348244,593810.7299781094,265986.9339025093,90938.82179856865,517443.19462295424
2324.579358933476,1769.695207334499,43.22440468560171,14651.747164620345,2739.4830207321966,34744.86368211917,1609.4078263563233,213091.26508091722,22446.57219989835,8108.8446570347805,58107.4888512684,40695.64098352216,8285.42018371654,109128.26196428589,167480.03156223564,332244.9905383996,583755.0362959446,289007.5927381839,394562.4657412002,290597.0215642208,61247.485852854705,474529.87751986214
10837.055937288967,1666.7685719557853,37.60987416787228,21041.632720180263,3373.6610420473967,31977.658220347916,442.82565786505336,33779.714849708806,19184.279492070375,13382.902731023358,29397.729594370783,13384.151358423916,5623.2263495025745,61503.80814220447,417194.7625756492,117560.04515274723,396994.64551657985,120474.48623142259,312934.9962687053,120277.63200816783,82897.68847838603,256629.90292279504
12729.651750511515,3329.6267110298263,114.3234942971169,14094.310913111452,2931.2442656067037,43821.37185254995,1342.2785200568755,182517.5110425927,16876.66590815443,15142.101909556059,14561.423595193395,28064.58647235152,3492.6349328959013,31097.78673478054,336458.7794255243,500294.2920268069,411260.2809240728,154625.6605959616,409512.190787131,160258.32069143324,88183.35072657274,337057.564403777
7919.098168283462,1076.8189819436232,32.189988232349,17079.024447246386,5891.285325133859,30048.70019537266,1448.9071430972122,64134.22481035703,22155.573202546635,12334.360498857868,33097.12710946555,16877.76283519201,5560.61218734902,17101.9934212924,178234.49409990676,191343.78772182108,279037.90982828045,318646.96917014726,484310.1702171804,324662.2917598261,124225.0238182959,457506.31193249254
2016.2818655526414,2215.1609894527824,33.14350620992886,5931.48356145064,3391.8564879947453,25604.318956340558,1107.9235599444796,130865.0624683567,11197.488981833552,8481.963429666666,10509.778612342428,22886.03910419291,3714.5773138769255,30658.75609468281,281394.66807944357,210931.809644416,202162.36668695344,281494.3464668923,365511.6997719863,289237.33895058074,70723.20573855343,381067.88213454705
19955.390791566806,641.4834281900288,93.65608337745668,31476.146266498632,2895.23423031701,75170.00673888519,400.27563932637344,86080.38526511488,19624.44242603534,10510.915206261714,28677.410458994913,25028.84127748356,8114.979242818449,52863.0591818143,732908.1238995381,144150.84348051462,208296.56836818205,59603.49474140085,323392.3020691154,60469.50019130193,105893.93949127747,252034.24517836256
7746.518869819514,3288.5757595881973,43.9861166024856,14577.454657909744,2671.1216618136273,19006.387713489705,627.0947903126117,134924.94098491207,18430.19212940719,9647.035776717497,25404.2761954744,18819.403475734933,6851.7467357791775,126996.06047787194,427355.77593718836,266878.34829539945,250265.844967711,387726.4758532667,513145.1397998507,399929.3163205588,107678.21179088212,571139.4397976636
11080.10305843935,1075.6385690258376,25.807480264838084,24792.67401538296,1807.1227730514647,27797.174683511294,1025.801425218934,156927.28652860157,19252.002988722914,14181.51695467769,23781.232776512185,22774.41451411687,5218.132156349768,70541.38581880035,468223.76765861706,134538.70605101634,115327.00875553684,240227.7972490567,160486.128116303,244836.7879679317,71432.35891172205,192567.6693481554
5428.570363416295,2056.9308898294116,21.010458841130912,5177.353608360284,3440.4164771890546,23042.43111462511,634.0647631004081,121436.35068666999,3494.8834693947365,1314.3738080879957,6859.926419765685,18158.496992338583,1389.5322325768914,55666.042655661,557695.5307237161,57675.23559879634,181903.22730078598,78186.7350414246,387350.7277582914,83483.52577662248,22865.214722518704,354415.702929626
9351.389513327877,1726.8570524537865,50.39003600292532,19133.534600966814,4874.701704396488,22791.544646008802,794.9029929240965,102089.39850379342,12894.850466578755,4223.310162301772,9422.507963031896,14246.065106999657,8855.272256151606,139682.0197824216,292993.178598112,250213.9345184617,163407.43150075173,164709.68885099422,285778.3733358707,167589.4925527452,69284.45658198005,291370.7394345414
10190.613161242974,1565.2909640992896,48.66758860516981,29752.140858237955,3300.2147279605156,43620.5961484881,378.6692377704431,113253.07312889656,14607.308862871976,7913.872121481668,24572.874636340523,3539.0816823175137,4047.272179593288,115633.2328378657,508411.30238246924,156663.6419243085,235101.4974553487,249623.7301074959,320963.3014406239,249563.29904454402,61895.72549725519,386178.69404347613
7554.491394242903,2201.868340830976,51.279395255279915,12315.681227610587,403.20584043547103,24335.931142620364,240.749158105119,144723.8406236463,12000.770119621418,8689.147838702651,40468.309574413586,20798.17187244531,4242.729200793321,126396.70227860712,113954.63707395605,64933.77495153834,134330.06536433232,198365.4305307188,158412.69430771843,207511.12745101683,59196.92376433245,179591.35371393437
12059.518795336493,2269.045956873857,110.62465719116071,16124.616595288559,6496.89308680182,23064.459095028393,859.6260648259382,213247.1571744773,16315.297809510515,6135.5549572306,54309.18802853999,14908.738449771397,2464.021639655918,181423.30307608476,212226.44970448475,371593.67946542974,96828.52993485612,185039.24424310616,421673.11634988984,185921.4486085065,71712.3047594528,400325.52897368436
2320.639852172508,2799.0313109970207,40.02812172165539,9061.541474232252,2070.0389753010027,24427.305305026817,826.5937437667861,144600.48581822737,10914.770019002019,10449.080970997837,30688.96479734651,28387.84549104033,8099.185540517529,33495.50671174212,712164.269567248,286631.96227363864,198201.61132566424,390708.8350273193,348919.0736964679,400431.79241209454,48465.68005002656,486962.7376905726
3826.051830535204,1057.7564895052953,61.20990290227474,10742.226578761187,791.0529555265584,45376.52219471194,1170.228151409389,100652.5093094895,8177.506197324922,7094.855766128352,20582.40918744991,52721.1302943545,3999.514860781225,91878.2409395514,354896.7545158149,201056.64348928563,17080.08476735762,244610.69282052037,119988.40875447102,256646.04583412493,31463.076003247174,12559.487833842471
13064.77908274941,2186.3712145271766,16.901383125376015,31459.85655137929,4221.701222557491,24446.992998610393,871.1340847735433,82644.8779601711,3132.3828524038972,11930.606986497492,35955.96683802353,29090.022085001958,2905.963708700447,97920.51972291477,228657.62853607486,117857.99373060554,82274.31079328757,206808.2248054041,375702.49811016594,212421.0770233071,112351.71567417549,416337.35571549844
6065.050909522404,945.2786599101622,37.274031397882794,20653.85643649054,2616.797549389243,33187.75915015012,729.7545249348512,58721.542477569994,17734.77104539586,3779.0049532381236,20692.96581210152,3117.340515823592,8501.97806187909,70413.54661247709,423874.11095990986,240300.48561623794,254918.1476069394,400360.5219699174,300010.7697746152,414247.4967107954,91118.76745538501,356530.00225054333
696.7169907073305,1496.5768448905933,18.943647204991564,4403.827686328221,1279.0696269810385,64622.64521624263,547.0845152735757,24692.023967464997,35645.42965553705,9456.567161740884,16956.90359618238,10116.768598418914,3113.8585403947473,29695.706788690277,213506.1049495687,77342.78644017735,235906.43639892322,201933.35483882367,126380.01707332587,208590.5621571646,64881.18350784792,78307.56162229841
3610.1151581819854,283.20983512010133,29.668841859440075,7824.67883969232,2855.069134282998,46460.32563601421,687.4027513568516,85558.76620914273,1966.8557898840518,4480.527167007412,14149.421862052332,32967.75752263992,4670.64224052901,25594.0019467586,159830.70508531312,121426.00031001151,107278.95161188742,181677.82969509994,298633.67988562037,191235.46024373962,47925.17013235605,326604.6063372045
723.4968421230498,1931.5663173782357,23.462583449921624,3130.9536839947123,5177.83353361614,8614.96485002687,101.37262878026958,161981.0164457875,19467.74079903416,3669.8286979338886,8466.008243956898,31209.32627995193,4627.909341126028,8125.195969555859,526381.994978187,176009.51503183568,58729.81938216735,346246.64971455396,305094.2174216086,355965.4129992247,89324.60620080665,378662.4935602584
4298.975831565128,937.5914962848269,10.599926054005097,6366.252555904255,321.22917341433026,56520.029705572,243.35609474790098,42733.61793963205,25333.846961153446,4596.577344484139,8663.145507214706,34751.215253507464,7244.6692235780765,25400.037907780326,323780.6843695266,144285.6869237402,179833.43645217357,112260.45254054885,49631.43485900754,106918.5130335279,81610.68270437635,25919.173870819406
5771.184203501165,2385.1706398964066,21.655092527490588,8931.179537543494,1966.7445222327335,24899.110006202012,434.9038056468543,71730.50583091288,17568.241616505504,9800.716662782004,53122.876843163656,19468.92954536005,979.3982946140192,34836.50762210248,227377.97362486192,38386.79660872564,147410.126295611,188806.55056960712,288396.1543353428,202549.57255953745,25118.58470779772,330205.5986721232
6203.818007817295,1716.4806439836175,37.89025085734383,12301.967416947835,2321.504450680206,57262.071371765785,474.0243219630549,195174.44989286747,13713.582425717417,5229.195454625589,24737.634112816853,6300.401391558921,3352.4201972983087,35206.84458058887,255188.38567924188,110988.85100314487,128826.85616131464,147772.26501043656,144520.7948584978,147002.0430977992,35756.150309706674,161775.0783072236
3081.336094494445,1814.2187963974093,29.147802648698708,21364.3083967534,2705.6507028763685,5270.754342345241,300.6507329768952,53932.10654229935,23047.23909891497,9458.603919109848,36910.7559027417,22973.133927495684,6264.604197471806,1934.2550889194945,200056.10039549466,120326.22149070037,122816.32453126165,238843.09543804522,209273.75583252276,245471.76633563964,92691.1212558934,256888.85075375886
8717.05014457064,3684.388885660268,68.42583834997784,11952.628815935248,1688.5952467766426,76922.35499730369,549.3256060167528,84565.27844197163,15987.081242257773,1135.738293744155,17544.30218896894,34550.086486498985,4442.955907729412,81428.16792203128,519642.8535778119,191759.20113396345,66354.61712417589,249381.6305269445,84938.06231614914,267640.6877093905,154254.267166396,87682.01024374322
1208.7354141375597,981.092691546961,29.71860381632114,11536.844009657967,1142.374205359558,85881.77362053977,614.0020751816352,169706.61820165877,24193.268169384144,7800.826961304891,9868.146105805426,27063.69870755926,7095.728847200845,76093.3244617317,302641.79907123174,195688.43066668013,142861.48893251468,168791.1429471296,277820.9416232715,169187.41533221572,92143.97211192205,351918.36167218507
4926.319174367726,2836.7376217772044,28.49655266134344,14208.580922718293,3302.0603684224066,48593.50260854411,627.4309075394668,29048.724548616043,24690.20056327792,2232.2143256572754,18319.095365822122,17500.534915582248,1945.2917062447402,30813.661550818302,299419.29389929445,190680.4948868709,187863.25848950053,418661.82780530653,226127.7322742046,432889.71418137086,49840.31179098935,376044.92261887563
2499.51829212107,1488.4019397488403,26.56056386025468,10172.576728603583,2193.5420540422447,45483.13296852148,590.0169059351807,179868.49855765293,21947.139562147346,6141.991208580895,24565.07916927307,30649.875709856176,7039.844744777369,47272.74773197556,411168.53420272,195948.9841129422,135057.5936928982,219670.5867159639,166861.178551947,231973.073052841,36269.14411275431,235319.12407165882
9692.324195011928,2042.7492623811488,32.24229061812328,21624.25720187004,2029.3976569684735,36143.15917698912,386.13496051058206,41462.08651038828,15041.078391633555,1753.778712062128,26702.44130280873,7967.437171903832,4677.587226423353,15352.931632923954,161259.2291380568,140133.0490888611,15843.692374144211,277521.20899859903,323691.97188178176,285438.4583763188,141326.69247321374,436596.59627263586
3117.5919614866343,1982.1778779929114,13.580665175205148,6712.354627471913,352.44465458252176,13869.192117147923,666.7197752657028,55315.82170350598,13982.31444959052,7277.729816684734,38566.01972041966,21789.038275250114,3166.8950653268926,11330.320978594063,98621.58795124825,23035.51876518654,233511.67660787975,367715.3667245736,111669.71896028916,380079.66250411,92566.25749856657,193157.58443017464
3024.1275661779355,1643.702987602916,30.60909919272527,4685.358521193784,513.2501934534002,19858.17285899215,480.5395250869162,31929.84953686532,10452.717959193997,5686.03909496972,36078.05660103488,6830.069999473239,2701.299883241124,73402.09802480783,127422.50250386434,111605.44137528543,31066.57367171762,78928.7137401338,173082.57158005933,80504.336005436,64761.9246989071,183104.20288195246
3361.874913234394,1906.7534488194008,27.538653069995732,5624.545775461508,2060.1666960171106,44032.007875434596,418.9219034749016,103894.59641550003,11718.196149438081,6075.8061105525185,50140.90540419511,20160.542188481664,3127.5963962683372,22059.051829518765,254006.04635346503,20006.263546698992,49726.529869816855,194909.40592386934,138028.5343154276,204018.98780002925,62469.21317843627,186579.08654974913
4827.994203572904,149.12730787437124,11.27670863120862,7177.96357194136,2065.6127354042983,15628.006642769598,255.61464823558634,68502.54492269286,9338.493739063384,6189.322870732811,35219.99323758477,14247.35326056777,4290.9798539441945,43432.210960834585,210057.24032096946,185139.25591346674,155322.67891559546,251312.44739861743,91086.41119426717,253553.4917625361,145460.86492031443,140357.93250837445
10898.273459630798,973.3064576387718,46.52438618582955,17181.74180587215,1732.8704703985088,21608.892597216945,260.82478884967134,99082.39784065892,5020.172524468407,2521.473222360368,19628.72191795996,7485.855688318143,5916.108822062788,45345.467049750565,186516.56821883112,140675.42335278142,54147.7972905181,140629.2567318262,16456.349466820844,138319.07336115674,104458.41905304544,41298.73846708624
4627.822695396948,989.8612763160714,18.99776385152728,12323.047004476322,2676.148136389093,28625.871382657417,308.96902739339566,80629.51313164344,18491.95235637407,5499.670867559709,35489.45831606817,19173.99979243632,3230.316066233409,74226.16154259827,67569.61542331612,98783.79592784695,37737.40495769236,88299.70055996782,161101.96285979502,89838.00325358921,16305.491703897933,224584.37573494873
4816.505739817176,1819.5161981001377,9.15174139140439,6352.902188818846,2285.4376207355995,16387.767975717696,718.9302695719135,23645.169755641804,16019.816604625363,1921.8352054273132,19984.67406647873,7263.577043829319,3056.409180088112,85238.13806215068,289538.97581286595,102253.7874454087,61030.14341806644,221845.66907586934,130031.07435541386,221018.97226574272,34800.445340624305,175769.71594934605
11854.20359229175,1239.290172941347,36.55766455930541,8172.276786798225,1714.327188329592,25813.38558606095,631.6832370416241,116260.94932395339,5952.671106036508,2614.4970061553354,19616.640371555528,16713.399269253106,3566.7156179598614,34952.674333907205,150590.27381805558,118906.77310466813,104988.69421266411,161889.10928095767,70891.72490763814,163153.11357933795,111596.09307361944,71373.61767526614
11030.187841457308,2005.96956890621,61.22523284000352,16725.012294359673,972.780915847261,63951.258447913155,307.30538761385554,150532.44211950697,6672.000553060342,611.0401942668145,33759.75015019828,13177.905970546017,3197.585153497681,52131.71699264531,184698.63977750356,210059.86081644346,128365.44180818922,23797.400772066572,108684.72798068137,24070.67357549885,90145.09010612509,111136.98848398718
1890.655187603499,475.33209024111767,8.519166669724955,8210.769293902604,506.7011740125389,23927.311342810768,281.12092129088,23133.015913477004,10111.198849933799,5556.488449393787,12609.381059392797,18431.706624152146,1170.6874231485388,64870.68635889672,248172.929012623,80445.57239806434,125588.54649537161,211390.88995083698,72018.52898586217,215641.5415671929,35243.229971304696,125726.22067535437
1113.3542072167684,2498.6392603254617,39.929727834870754,3382.9001536554606,1629.37614501278,29886.732169668896,586.9457986555586,84701.01721374871,4459.720862745548,5982.764888880508,26602.821761174488,22724.40366705289,7180.721803046218,70973.57339790335,74905.25836656164,94333.02983640334,134024.78358174098,276828.1166879716,66109.31235463874,284145.1435318918,51304.49923220886,111303.52654304243
1732.8210212031922,1182.1024067125925,20.929050914676758,1557.2582634275407,2945.328404153789,16508.811591522903,395.69886200396473,73449.19765690944,2621.609588038264,2944.758070383089,19175.273581217592,8225.237300771567,6372.937046706028,72429.25547332696,305491.03290298796,128357.22362601479,67945.76376134291,48512.27145128594,96309.72696044762,48545.02274432629,14829.682603088382,192665.46756268354
2869.3731127775004,2071.4792617632725,20.129814548709938,8615.956377699851,1681.347462362537,27947.221629340955,297.10274090201375,83485.41209387609,5831.998107988568,4355.075376663559,5503.062273735405,29909.21484428438,3143.760698840305,45386.15530982737,94547.6143478229,204106.3848286995,24298.81670790707,243763.2843055446,162106.87522713802,249724.12339959113,89754.90024091689,232627.57726762618
4403.287970234697,2665.122732835554,14.918871514520417,2446.5316642663415,1391.7342272605379,61689.59346096229,64.51989321847748,53104.35739497183,2425.342449044757,3942.5861233683286,34423.75156233686,9564.70930153304,8843.333968514833,17353.499902789725,27089.054015254467,142687.7920751952,44087.547320867045,287999.8700971491,130803.84440488585,293799.3031431721,20223.14722262735,159909.30080754854
6123.887723341178,99.89881731685269,4.154976205040915,13737.914887391908,732.6613053680625,29341.629434139482,206.0171721623435,77889.92440783468,25014.21975277217,2414.497240921053,27851.908345327174,13034.812571633953,1333.3087981365932,59242.59971092538,125361.01764376722,65761.61035037292,81176.93366675568,121649.3834792577,101123.8098126775,126997.65391888432,77195.29282353632,146350.58865006882
5596.514722387802,1834.0751932982128,27.17755035443391,3864.578564759292,745.7140410168699,46219.09056570194,93.17317474717176,27553.665156076007,6412.689478975387,5224.566412799253,51359.70099593373,20867.079119982154,1069.0302383461753,41687.216828008844,163806.49526279702,62273.78211178938,141157.84745516957,102880.6318410192,75900.34672320107,101602.16593108932,71170.9495790096,63072.14940649305
2392.5509798028256,101.73521290216841,23.84660088491108,1003.580960819612,755.8177967271331,20755.77584011333,149.229019953849,59328.02179059091,11899.983080254555,3045.8814916329616,45030.67486676066,5412.856073919745,3354.4943588894344,41976.887681878936,79253.04489754386,30300.658602506162,91511.48779475914,269825.8984771804,41839.14789859444,274020.010660799,111186.71534505443,63340.50943890434
6054.632770863923,1646.7164679147024,32.78396398299188,10619.796826276046,1891.771365603929,19051.90166333958,190.79044495433237,94145.7597437673,6148.492515488626,7061.852380547602,40345.242715699984,16464.470206416278,6084.338841446246,68192.53160399421,64747.191171553655,203266.3643590214,134926.2166795666,239470.0344360765,85980.21787576501,249606.66420250872,35293.14191399821,191651.9897155666
3989.62754985763,1014.9319944295705,41.28421879837815,6236.035393525093,1710.9105893667243,7815.328790880932,318.3928827630629,103869.9682736338,9716.458203040016,2662.5945172271977,28397.015747534082,11450.272316504539,1211.670288327429,22984.181526164302,148822.2478709905,133924.89673613472,14494.782421616117,146437.18029172745,140693.8294241455,149521.495200363,67330.19197996888,246331.25081158566
3477.50060087631,1902.1677230432545,10.767701572672367,8541.655349002633,3117.9692086937907,12362.450782809565,177.43463673240666,89459.26005720133,7585.858520296017,1712.2809902736724,14995.092031921762,12005.562666882737,5062.225241803896,45514.9820479995,230639.61182413893,172442.21347822584,85308.70335118765,344356.560059948,190815.20041849252,353484.6792997952,45420.51512175141,247062.6849366581
6073.528622059288,950.0275423272851,18.213955706470692,11798.076039203,1801.476260327722,6237.257440629651,129.9111219868511,75434.93919690062,11811.920080099759,8534.130004837194,33435.52436093627,17991.451777092116,4752.833816958747,102059.52596305753,72055.47940873768,124563.45573422748,112542.70855883566,176037.4898542811,180236.7205308005,183043.27972559485,49820.85275832458,308554.6758717325
2118.9176804931917,1973.4368211094663,10.838267642552811,8444.449179594585,1491.9922467185554,14654.096078428214,307.23452799962797,34851.00197519303,10450.779075816186,791.4044109049483,9849.057821694489,18197.732462839966,4936.5340166373,116081.77250231917,50713.777605494004,141571.8555373817,225516.0380820628,184407.3981742043,172585.77878149718,191213.0179918497,74716.87775622876,188531.9450670931
2309.0657712985094,2337.0627380174815,15.897710592186275,3763.07578660572,1793.4603414469088,27823.87750986187,314.9808291968945,32592.733933846343,16540.550891690767,5759.605567309955,38102.80072138985,12575.78752092221,3255.533016857142,61379.71860573216,246670.29445041317,186046.73794150466,54752.628583919366,224549.68769580987,150403.1573029529,232601.06669399916,100919.22311859224,188032.36318012062
8165.959264435784,1697.668867622384,29.350063346901482,4988.7948295719325,1057.955191482417,61250.998780524766,327.26459722346715,35239.00942807335,2147.8703087366603,5643.944354215502,9325.792644828,23183.872636253982,2077.254430274278,39662.7847061167,121242.70376757396,222286.9743833107,57069.32257246341,80749.51457947724,66430.96194697403,76698.16535531993,56785.04902687882,84717.72134441417
2301.177153663109,3102.4541334687165,27.544750276617382,3681.226644872382,1356.2094095230268,13116.334079354137,279.0316974502327,14797.951015573033,6482.050644940832,2500.9392582922383,35400.56218710846,8121.272904783089,1270.462383178907,53730.24711662258,290959.48413196736,127082.75699499424,86855.84392851304,154998.7501150026,92561.67274364742,166606.60943026893,58804.88954637863,120837.9868688015
8246.708674214753,1687.9418871282892,33.58214290025992,4140.632325738919,1768.769508731919,8816.554503850935,340.94203099451516,81258.0598403586,4121.85420113054,3554.056763010392,31851.615848858608,8344.809490246915,3111.9505122707274,85321.19763296038,268816.47814636235,60805.953068924704,70875.9808330753,44560.66163878423,71272.9329791911,34918.61035390539,112508.4459545201,109835.79965199297
9526.150982981148,1349.795714174317,5.605751404329227,10979.443965989314,2412.000729626274,46431.024334809794,180.348628316125,25782.05361937736,9518.681219035325,4481.580854898353,35867.990611219815,15531.46657870103,9788.472691785886,12401.7249754054,28626.61526569168,87628.3786564136,107012.02888138732,195467.01215281314,118340.41698281131,195412.3423386343,106614.84925269008,180496.4601973356
2588.785186211465,1211.729707143001,18.953431042884123,6771.853431719763,2358.909740775976,12212.351776796,253.778166735735,82045.81287384788,12235.286273620677,6043.5344086479045,18647.839554378716,10584.72217368977,4853.354774682962,61406.356596036436,38019.19570008548,130411.12771644983,99220.18211953368,150634.90285173422,130686.87374859337,159019.34539641076,58737.1539519862,237408.06660986706
5180.78750656264,1366.476845726645,15.168802423685602,1611.3979508222058,1075.2467372682868,2078.58955905248,191.11221759922802,42765.61707609239,3492.1566330040782,2727.884981129189,26169.016676832285,15492.248302166807,2219.648719548337,68412.3271732184,212881.79001693675,25555.878719225308,60754.79239393493,154122.2010219228,112176.4305520163,154076.9479221738,90823.60867869163,109879.75227390903
6252.682542141447,293.0400404305527,6.875231078487889,7040.37960583086,2401.840698720847,6857.0760272797925,189.0322243619073,73550.99095284239,3897.878740179726,5524.425236645332,32536.938257195172,4155.620018197319,5236.04416860199,68763.10051380344,135172.45716787633,66477.00846476959,72664.51061704502,279163.02621300577,104387.41887464367,287603.16841673566,77397.86021625795,197741.03925892868
3178.5643476287664,1621.8219350299012,13.963628866716556,12449.979938029095,2476.2379277351715,16252.094309168611,332.88221361762606,63747.69434151409,23653.971584225175,5646.14893918296,19957.009327272444,15456.96023830932,4396.02510616771,44005.464789856036,103267.06224450137,109342.36556437667,78561.59203428197,124225.04424586656,37345.32049702822,129334.00024377918,28230.828153163315,199536.65603521763
2606.8073019992667,957.5525781436356,10.615883854868287,8563.365386179465,2012.4837685722318,11039.2042450083,236.39773863723218,74407.43562480394,11073.103176458728,6992.0990576785025,60971.1775480972,9072.646865461373,1241.0809906671543,82341.67988883516,125493.5831833401,124081.84890953328,52320.475621783175,237726.81463326333,65362.76483790045,246242.73408869703,69420.85223438735,98066.38902608436
2189.8198153570293,1746.8826385063614,30.400098758567054,5275.685981113904,2257.8280685703476,42248.71715496465,121.02417238782245,108465.92405660119,2781.359996297574,3532.8229497046486,46374.143612157335,26271.656821654433,6200.293833865752,17808.913582753987,122811.50467516991,244796.75122858354,99149.53101709794,360765.5585253211,136779.69964541693,374333.85978142446,56628.11364109247,254791.98617573993
6416.018692839702,1359.8097742525006,13.92970268862093,13201.587904735463,1833.4796228434989,55357.11604302092,415.72280337846973,53172.156384273796,5607.885190370593,4372.404285802126,19988.75283682722,7824.143170621574,5295.223664646718,28706.26052041541,124636.22523851342,116421.63401955125,44371.46220278424,129712.100211781,137103.24111972697,135016.34926818078,54775.43944050523,271228.2665153858
2839.597481416507,1897.848869048063,1.913120780300325,8839.239137525436,2147.9240266993384,15733.634369493233,404.9730374950731,104320.51025379839,8495.90938390293,5053.913435168576,11979.917167022768,11432.145942831245,1331.1536192006486,31142.85162999204,20317.635704573902,156954.30106320808,84548.57195075403,245161.73494179628,133336.6705376789,256687.31723848332,100571.02205001611,143999.39281631456
7420.4782424743335,3158.5424149758705,27.135023148994797,18198.14108024179,3259.1779043098422,43665.97230731541,307.38691269019915,28875.399284271694,6345.812911281313,3115.4784184102236,11264.119168150004,4682.9707676409125,4754.124371124054,69257.65986278793,206760.68972579695,176291.70411308747,46290.51894824322,246307.13736011356,189558.76549056696,257365.60911595647,131928.72953372673,271891.2674480401
4115.248930133438,1019.7556433357742,20.83139719771874,3745.4805803387294,1277.0354361875532,69247.20931936572,174.89144835352246,80079.22177070826,9866.864132883353,4853.881794703575,27808.32040305366,8500.759957250393,3287.086921688335,6465.887655121113,34941.579060552234,94799.3667271922,137312.14036998324,40670.666882422636,87861.2762391866,36096.20802712473,23701.835179214402,91139.48568813533
3146.3764776442767,2827.580992216422,10.270190242320034,10261.664723855953,1207.1699754742804,32787.786630156574,626.5385495962698,26554.153590495618,15936.282226963127,1687.6333652393987,20360.830868231766,11055.837546031973,2750.749071000072,68552.63141958443,176007.5760449601,84668.37492043781,114958.63081397003,133622.13345760273,106637.90191188018,145139.4381352786,9210.93259324976,156878.7962882329
5679.880440629294,1342.6261175427271,15.747896466785205,5191.176065818997,1238.281458473134,72753.99991357987,344.8128969394939,42821.13159111677,2174.4770229421365,3119.6632451383116,32995.048534679416,3353.917216012863,958.9421656081256,29923.91454013168,166780.13446928648,22075.194756687135,63072.48703736208,80056.70226716147,46058.22118951166,76519.57042330653,85372.14603915496,62480.76573784629
12113.861196527685,1761.285305590077,32.08812529671482,16019.416973161107,2244.3635272877796,22674.184431201043,204.1836522759299,10008.795275137998,11557.824404297808,5581.788172888476,32610.318289344465,13196.498059163838,5100.905864830927,22546.796680891028,98977.74447768195,83320.13835417356,85359.1745935284,202744.54104992238,129004.31606702469,207221.89605289814,115095.25549862054,232748.17591723124
4353.765854470319,2302.164149009933,27.028348649258692,9189.527584297724,2038.217884167557,65961.24230529433,390.28022061409666,79138.12949183282,4412.477801600932,3294.6871699163526,36416.476356216284,25699.166514184795,4783.254908338733,51083.879066788264,48851.2814884373,183109.48343017048,58722.73000496261,156171.5031082221,157255.1337715937,165926.98510355892,76058.88099669157,243939.21173277486
5199.709856861906,1438.3056977250324,6.984139029432648,3560.670471594451,2798.637607017497,17512.08996560601,420.0479938546407,31851.1809857261,14699.13750157044,2721.693606994438,10388.124518384324,18308.225143876196,5591.621542471201,24029.903262364714,184833.35904465147,110320.16689277669,86546.47788880592,212318.08684419954,140338.67693940533,215857.2311586663,12730.20622037043,177896.66748233844
4062.1705365887697,2399.900992379916,30.097924586790178,8963.020204753902,2370.479816205245,11685.988961437328,443.0160253873459,91962.63918838429,8445.93144667409,4858.823195977102,26559.924760179667,14048.257427054099,6512.28935201202,7496.78926842004,132109.9651148604,219433.81524161508,96787.88250133513,250788.47109057382,207217.43886955775,260194.6292006225,42755.86886141378,293793.4489720975
4267.213885850414,477.1869925804703,16.60487445133352,11503.127459909181,1094.0525301873465,20233.935374330416,164.94139220527913,48183.10915355046,7535.097160068258,5505.511682535419,23472.16234988505,19551.75862945138,2983.0780647170045,35192.91867920867,113618.84320713166,147211.47266428362,70068.52725389106,51672.30827983753,77859.53919153297,55259.67591697784,142883.57617596336,102603.21318972317
3567.6616930721702,1166.2910655391943,18.6968890494962,6895.595590096523,2078.2769317278944,32654.678053558786,168.97345541655994,41350.02994411271,2567.942943430887,2788.5882670817787,7920.637964896845,16257.027646535793,4110.099338108996,71523.47733335185,148377.67486668052,116471.77734609522,60593.1934654914,114874.42782833788,81542.12223994051,116325.05170282694,156622.43407626604,106826.71403493297
4980.610593712917,72.96790885806155,25.85838507090584,8881.06512690239,1271.4083531361946,43610.86830664964,226.0787079259133,33272.71007620403,985.493336199932,3970.724764501173,31255.531555918125,11527.434802096634,4441.983495105814,36866.64526342867,111588.55066171208,139920.71882663705,56131.28347219477,172321.21064926815,41683.31368288511,173922.75085482927,62752.00413506857,127357.27334264037
3211.5625423493457,2028.526584435459,29.77750291103567,7635.118724904597,1605.162299703534,25368.690264803543,396.47859550762286,80845.17078943893,16949.732355338114,2613.469282507721,1893.4058699605662,13389.44029597122,1048.0732329492207,43964.555148255764,206712.17861016523,73081.15249978712,71776.02496932157,112904.87722217776,113076.0320584814,114857.88429194728,22160.375824965995,163546.17149346543
1720.5478188234283,862.3582369700026,28.207523751818318,1669.2192737574874,632.5979371384728,55834.90770565882,233.94215842886294,11944.405313334679,1629.5066390300628,2344.7758767553387,22485.93045694519,9060.096742324275,4183.724645886401,38550.67611589386,149917.88902064253,68006.4365110337,46087.875859757434,110314.81928892716,58005.764290997795,109362.05912344858,147293.2985124224,64080.325271052905
7081.3097484806185,1439.5179247557974,66.66917542122889,14037.646275707075,2654.9277278998425,33148.7077954484,419.1856111705339,99061.28298026115,2319.4881709978754,576.399220358292,44385.62214406417,28912.824023285215,8891.153395195432,87586.12923838836,120120.85601401032,288509.10769834666,103988.65556988471,156147.15883976713,150558.91648497654,154520.5909426697,149352.8016127435,231719.36475966792
7254.792071977484,722.8233590406979,33.63616232452904,12105.956017520519,1186.5854260969693,10666.151664945117,446.33963896398,18397.642656124666,5337.830022159376,4947.651589087954,27644.48411497205,13612.46801364337,2605.611768312201,74270.53694542541,159441.4657200318,122233.09176925822,70436.7913654529,84040.55508531691,120860.95437078078,83821.54255819964,78826.84638282795,168407.01398999893
3762.6927502883077,2449.9392232988266,10.66085040519953,3892.9590088739774,1181.7369213587478,59634.426427539074,438.57941094189067,27112.97183966255,7188.720444285315,6780.8184557342765,14475.65558279342,11892.044047038527,1511.786570582355,5940.788262198318,16736.552181743857,80682.34479215559,173392.18446627026,97540.26602073046,93883.36487020065,97539.74522678735,33796.359755855185,95481.7497844528
9387.145540606245,1286.6482824578136,28.775019993095498,11229.358564643784,327.8416636393311,79170.91002661662,494.15715025006915,42912.93649887128,12308.13629579562,6200.164730081181,10125.225228035255,8062.80027882689,2305.915636645909,12815.607614501369,151133.49014015694,4926.925227723542,30455.973958137838,155211.52114681364,98301.33806020071,157609.05807370043,60724.20908437825,148366.13480842987
1537.9613355507643,2508.574841916241,27.957457104974793,5561.5962169920285,749.3007466555828,75656.20143414519,601.2377426823846,63631.71352137568,9857.390534684317,3190.072596541262,20598.255120749967,13078.421723995136,2965.731841003519,48756.97519275716,48400.34459272203,73402.295755172,38251.40803908654,69819.00399790035,37535.680106317086,72187.51321391185,53682.64329134192,90207.44424850459
1525.688354830593,2815.4203461334578,15.591399163487841,7542.353299257463,908.0126146782325,30565.00417059119,650.2710724580319,56055.22558427144,7906.976615574778,4075.7086789610134,9861.175029744516,10866.545168687979,4211.208745055972,24882.169390808314,78269.13543375861,200355.13836503672,61377.77970980787,27870.328495101978,60205.98950693442,26568.879899887303,13198.159179830025,48651.371140229036
9117.71971362772,602.7481762778938,29.721689643016752,12180.012181731125,2448.353162743408,29334.927027856316,285.0445250088787,56162.526041044526,9834.202969635866,1791.3203314023003,12292.545379292533,2270.3774069182923,3534.0309965978,43899.31152328882,81705.41778557228,50544.91255039919,107944.06375526886,157434.8928840163,86334.86905583848,161274.0457741964,27009.01345905816,122492.9289571646
